"host","top_n","overlap_n","overlap_pct"
"dnf1",110,0,0
"dnf1dnf2",110,0,0
"dnf2",110,0,0
"dnf3",110,48,43.6363636363636
"dnf4",110,2,1.81818181818182
"dnf5dnf2",110,23,20.9090909090909
"dnf6",110,0,0
"dnf7",110,0,0
"hcl",110,26,23.6363636363636
"ipd3",110,0,0
"latd",110,0,0
"nad1",110,23,20.9090909090909
"rdn1",110,0,0
"sunn1",110,0,0
"sunn4",110,0,0
"dnf1",1096,344,31.3868613138686
"dnf1dnf2",1096,188,17.1532846715328
"dnf2",1096,349,31.8430656934307
"dnf3",1096,646,58.9416058394161
"dnf4",1096,366,33.3941605839416
"dnf5dnf2",1096,579,52.8284671532847
"dnf6",1096,431,39.3248175182482
"dnf7",1096,310,28.2846715328467
"hcl",1096,330,30.1094890510949
"ipd3",1096,335,30.5656934306569
"latd",1096,3,0.273722627737226
"nad1",1096,601,54.8357664233577
"rdn1",1096,766,69.8905109489051
"sunn1",1096,426,38.8686131386861
"sunn4",1096,561,51.1861313868613
"dnf1",10960,3326,30.3467153284672
"dnf1dnf2",10960,4460,40.6934306569343
"dnf2",10960,3929,35.8485401459854
"dnf3",10960,7274,66.3686131386861
"dnf4",10960,4264,38.9051094890511
"dnf5dnf2",10960,7048,64.3065693430657
"dnf6",10960,5494,50.1277372262774
"dnf7",10960,5372,49.014598540146
"hcl",10960,6491,59.2244525547445
"ipd3",10960,4493,40.9945255474453
"latd",10960,1394,12.7189781021898
"nad1",10960,5626,51.3321167883212
"rdn1",10960,5066,46.2226277372263
"sunn1",10960,4722,43.0839416058394
"sunn4",10960,6168,56.2773722627737
